,Project,Gutenberg’s,The,Legend,of,Sleepy,"Hollow,",by,Washington,"Irving

This",eBook,is,for,the,use,anyone,anywhere,at,no,cost,and,"with
almost",restrictions,whatsoever.,,You,may,copy,"it,",give,it,away,"or
re-use",under,terms,Gutenberg,License,"included
with",this,or,online,"www.gutenberg.org


Title:","Hollow

Author:","Irving

Posting",Date:,June,"25,",2008,[EBook,"#41]
Release","October,","1992
Last",Updated:,September,"14,","2016

Language:","English

Character",set,encoding:,"UTF-8

***",START,OF,THIS,PROJECT,GUTENBERG,EBOOK,THE,LEGEND,SLEEPY,HOLLOW,"***




Produced",Ilana,M.,(Kingsley),Newby,Greg,"Newby





THE","HOLLOW


by","Irving





FOUND",AMONG,PAPERS,LATE,DIEDRICH,"KNICKERBOCKER.


",A,pleasing,land,drowsy,head,"was,
",Of,dreams,that,wave,before,half-shut,"eye;
",And,gay,castles,in,clouds,"pass,
",Forever,flushing,round,a,summer,"sky.
",CASTLE,"INDOLENCE.


In",bosom,one,those,spacious,coves,which,indent,"eastern
shore","Hudson,",broad,expansion,river,"denominated
by",ancient,Dutch,navigators,Tappan,"Zee,",where,they,"always
prudently",shortened,sail,implored,protection,St.,"Nicholas
when","crossed,",there,lies,small,market,town,rural,"port,","which
by",some,called,"Greensburgh,",but,more,generally,"properly
known",name,Tarry,Town.,This,was,"given,",we,are,"told,","in
former","days,",good,housewives,adjacent,"country,",from,"the
inveterate",propensity,their,husbands,to,linger,about,"village
tavern",on,days.,Be,as,"may,",I,do,not,vouch,"fact,
but",merely,advert,sake,being,precise,"authentic.
Not",far,"village,",perhaps,two,"miles,","little
valley",rather,lap,among,high,"hills,","the
quietest",places,whole,world.,brook,glides,through,"it,
with",just,murmur,enough,lull,repose;,"occasional
whistle",quail,tapping,woodpecker,almost,only,"sound
that",ever,breaks,upon,uniform,"tranquillity.

I",recollect,"that,",when,"stripling,",my,first,exploit,"in
squirrel-shooting",grove,tall,walnut-trees,shades,"one
side",valley.,had,wandered,into,"noontime,",all,"nature
is",peculiarly,"quiet,",startled,roar,own,"gun,","it
broke",Sabbath,stillness,around,prolonged,"reverberated
by",angry,echoes.,If,should,wish,retreat,whither,"might
steal",world,its,"distractions,",dream,quietly,"the
remnant",troubled,"life,",know,none,promising,than,"this
little","valley.

From",listless,repose,"place,",peculiar,character,"its
inhabitants,",who,descendants,original,"settlers,","this
sequestered",glen,has,long,been,known,"HOLLOW,","and
its",rustic,lads,Hollow,Boys,throughout,"the
neighboring",country.,"drowsy,",dreamy,influence,seems,hang,over,"the
land,",pervade,very,atmosphere.,Some,say,"place
was",bewitched,High,German,"doctor,",during,early,days,"the
settlement;","others,",an,old,Indian,"chief,",prophet,wizard,"of
his","tribe,",held,his,powwows,country,discovered,"by
Master",Hendrick,Hudson.,Certain,"is,",place,still,continues,"under
the",sway,witching,"power,",holds,spell,minds,"of
the","people,",causing,them,walk,continual,reverie.,They,"are
given",kinds,marvellous,"beliefs,",subject,trances,"and
visions,",frequently,see,strange,"sights,",hear,music,voices,"in
the",air.,neighborhood,abounds,with,local,"tales,",haunted,"spots,
and",twilight,superstitions;,stars,shoot,meteors,glare,oftener,"across
the",valley,any,other,part,"nightmare,
with",her,"ninefold,",make,favorite,scene,"her
gambols.

The",dominant,"spirit,","however,",haunts,enchanted,"region,","and
seems",be,commander-in-chief,powers,"air,","the
apparition",figure,"horseback,",without,head.,It,said,"some
to",ghost,Hessian,"trooper,",whose,carried,"away
by","cannon-ball,",nameless,battle,Revolutionary,"War,
and",anon,seen,folk,hurrying,along,gloom,"night,",if,wings,wind.,His,"not
confined","valley,",extend,times,"roads,","and
especially",vicinity,church,great,distance.,"Indeed,
certain",most,authentic,historians,"parts,",have,"been
careful",collecting,collating,floating,facts,concerning,"this
spectre,",allege,body,trooper,having,buried,"the
churchyard,",rides,forth,"nightly
quest","head,",rushing,speed,he,"sometimes
passes",like,midnight,"blast,",owing,"being
belated,",hurry,get,back,churchyard,"daybreak.

Such",general,purport,legendary,"superstition,","has
furnished",materials,many,wild,story,region,shadows;,"and
the",spectre,"firesides,","the
Headless",Horseman,"Hollow.

It",remarkable,visionary,mentioned,native,inhabitants,"unconsciously
imbibed",every,resides,time.,However,wide,"awake
they",entered,sleepy,"are
sure,",little,"time,",inhale,"and
begin",grow,"imaginative,","dreams,","apparitions.

I",mention,peaceful,spot,possible,"laud,","such
little",retired,"valleys,",found,here,embosomed,"the
great",State,New,"York,","population,","manners,",customs,"remain
fixed,",while,torrent,migration,"improvement,","is
making",such,incessant,changes,parts,restless,"country,
sweeps",unobserved.,nooks,"still
water,",border,rapid,"stream,",straw,"and
bubble",riding,"anchor,",slowly,revolving,"mimic
harbor,",undisturbed,rush,passing,current.,Though,"many
years",elapsed,since,trod,"yet
I",question,whether,find,same,trees,"same
families",vegetating,sheltered,"bosom.

In",by-place,nature,"abode,",remote,period,"American
history,","say,",thirty,years,"since,",worthy,wight,"the
name",Ichabod,"Crane,","sojourned,","or,",expressed,"“tarried,”
",purpose,instructing,children,"the
vicinity.",He,"Connecticut,",supplies,"the
Union",pioneers,mind,well,"forest,","sends
forth",yearly,legions,frontier,woodmen,"schoolmasters.
The",cognomen,Crane,inapplicable,person.,"tall,
but",exceedingly,"lank,",narrow,"shoulders,",arms,"legs,","hands
that",dangled,mile,out,"sleeves,",feet,might,served,"for
shovels,",frame,loosely,hung,together.,"was
small,",flat,"top,",huge,"ears,",large,green,glassy,"eyes,","a
long",snipe,"nose,",so,looked,weather-cock,perched,"his
spindle",neck,tell,way,wind,blew.,To,him,striding,"along
the",profile,hill,windy,"day,",clothes,bagging,"and
fluttering","him,",mistaken,genius,"of
famine",descending,"earth,",scarecrow,eloped,"a
cornfield.

His",schoolhouse,low,building,"room,",rudely,"constructed
of",logs;,windows,partly,"glazed,",patched,leaves,"of
old",copybooks.,ingeniously,secured,vacant,"hours,","a
withe",twisted,handle,"door,",stakes,against,"the
window",shutters;,though,thief,perfect,"ease,
he",would,embarrassment,getting,"out,--an",idea,"probably
borrowed","architect,",Yost,Van,"Houten,",mystery,"an
eelpot.",stood,lonely,pleasant,"situation,
just",foot,woody,"hill,",running,close,"by,","and
a",formidable,birch-tree,growing,end,it.,From,hence,"low
murmur",pupils’,"voices,",conning,"lessons,","heard
in",summer’s,hum,beehive;,interrupted,now,"and
then",authoritative,voice,"master,",tone,menace,"or
command,","peradventure,",appalling,sound,"birch,","he
urged",tardy,loiterer,flowery,path,knowledge.,Truth,"to
say,",conscientious,"man,",bore,golden,"maxim,
“Spare",rod,spoil,child.”,Crane’s,scholars,"certainly
were","spoiled.

I","imagined,","cruel
potentates",school,joy,smart,subjects;,"on
the","contrary,",administered,justice,discrimination,"than
severity;",taking,burden,off,backs,"weak,",laying,"on
those",strong.,Your,mere,puny,winced,"least
flourish","rod,",passed,indulgence;,claims,"of
justice",were,satisfied,inflicting,double,portion,"little
tough","wrong-headed,",broad-skirted,"urchin,",sulked,"swelled
and",grew,dogged,sullen,beneath,birch.,All,"“doing
his",duty,parents;”,never,inflicted,"chastisement
without",following,"assurance,",consolatory,"smarting
urchin,",“he,remember,thank,longest,"day
he","live.”

When",hours,"over,",even,companion,"playmate
of",larger,boys;,holiday,afternoons,convoy,smaller,ones,"home,",happened,pretty,"sisters,","good
housewives","mothers,",noted,comforts,cupboard.,"Indeed,
it",behooved,keep,pupils.,"revenue
arising","small,","scarcely
sufficient",furnish,daily,"bread,","feeder,
and,",dilating,anaconda;,"help
out","maintenance,","was,",according,custom,"those
parts,",boarded,lodged,houses,farmers,"children
he",instructed.,With,these,lived,successively,week,"thus
going",rounds,"neighborhood,",worldly,effects,"tied
up",cotton,"handkerchief.

That",too,onerous,purses,"rustic
patrons,",apt,consider,costs,schooling,"grievous
burden,",schoolmasters,"drones,",various,ways,"of
rendering",himself,both,useful,agreeable.,assisted,"farmers
occasionally",lighter,labors,"farms,",helped,"make
hay,",mended,"fences,",took,horses,"water,",drove,cows,"from
pasture,",cut,wood,winter,fire.,laid,"aside,","too,","the
dominant",dignity,absolute,lorded,"little
empire,","school,",became,wonderfully,gentle,"ingratiating.
He",favor,eyes,mothers,petting,"children,
particularly",youngest;,lion,"bold,",whilom,"so
magnanimously",lamb,did,"hold,",sit,child,"knee,
and",rock,cradle,"together.

In",addition,"vocations,",singing-master,"the
neighborhood,",picked,up,bright,shillings,"the
young",folks,psalmody.,matter,vanity,"on
Sundays,",take,station,front,"gallery,","band
of",chosen,singers;,"where,","mind,",completely,"away
the",palm,parson.,resounded,"above
all",rest,congregation;,quavers,"still
to",heard,"church,",half,"off,
quite",opposite,side,"millpond,",Sunday,"morning,
which",legitimately,descended,nose,"Ichabod
Crane.","Thus,",divers,"makeshifts,",ingenious,"is
commonly",denominated,“by,hook,"crook,”",pedagogue,got,"on
tolerably","enough,","thought,",understood,nothing,"the
labor","headwork,",easy,life,"it.

The",schoolmaster,man,importance,"female
circle",neighborhood;,considered,kind,"idle,
gentlemanlike","personage,",vastly,superior,taste,accomplishments,"to
the",rough,"swains,","and,","indeed,",inferior,learning,"the
parson.","appearance,","therefore,",occasion,"stir
at",tea-table,"farmhouse,","supernumerary
dish",cakes,"sweetmeats,",parade,"silver
teapot.",Our,"letters,",happy,"the
smiles",damsels.,How,between,services,Sundays;,gathering,grapes,"from
the",vines,overran,surrounding,trees;,reciting,"their
amusement",epitaphs,tombstones;,"sauntering,","a
whole",bevy,"them,",banks,millpond;,"the
more",bashful,bumpkins,sheepishly,"back,",envying,"superior
elegance","address.

From",half-itinerant,"also,",travelling,"gazette,
carrying",budget,gossip,house,"house,","that
his",appearance,always,greeted,satisfaction.,"moreover,
esteemed",women,"erudition,","read
several",books,quite,"through,",master,Cotton,"Mather’s
“History",England,"Witchcraft,”","which,","way,","most
firmly",potently,"believed.

He","fact,",odd,mixture,shrewdness,"simple
credulity.",appetite,"marvellous,","digesting
it,",equally,extraordinary;,increased,"his
residence",spell-bound,region.,No,tale,gross,"monstrous
for",capacious,swallow.,often,"delight,",after,"school
was",dismissed,"afternoon,",stretch,rich,bed,"of
clover",bordering,whimpered,"schoolhouse,","and
there",con,Mather’s,direful,until,dusk,"of
evening",made,printed,page,mist,eyes.,"Then,","he
wended",swamp,stream,awful,"woodland,","farmhouse
where","quartered,","nature,","that
witching","hour,",fluttered,excited,"imagination,--the",moan,"the
whip-poor-will","hillside,",boding,cry,tree,"toad,","that
harbinger","storm,",dreary,hooting,screech,"owl,","the
sudden",rustling,thicket,birds,frightened,roost.,"The
fireflies,",sparkled,vividly,darkest,"places,","now
and",then,uncommon,brightness,"across
his",path;,"if,","chance,",blockhead,beetle,came,"winging
his",blundering,flight,poor,varlet,ready,"up
the","ghost,",struck,witch’s,token.,"His
only",resource,"occasions,",either,drown,thought,drive,"away
evil","spirits,",sing,psalm,tunes,people,"Sleepy
Hollow,",sat,doors,"evening,",filled,"with
awe",hearing,nasal,"melody,",“in,linked,sweetness,drawn,"out,”
",distant,dusky,"road.

Another",sources,fearful,pleasure,pass,"winter
evenings","wives,",spinning,"fire,
with",row,apples,roasting,spluttering,"hearth,","and
listen",tales,ghosts,"goblins,","haunted
fields,","brooks,","bridges,","houses,
and",particularly,headless,"horseman,",Galloping,"the
Hollow,",sometimes,him.,delight,"by
his",anecdotes,"witchcraft,",omens,"portentous
sights",sounds,prevailed,earlier,"of
Connecticut;",frighten,woefully,speculations,"upon
comets",shooting,stars;,alarming,fact,"did
absolutely",turn,"round,",time,"topsy-turvy!

But","this,",snugly,cuddling,chimney,corner,chamber,ruddy,glow,"the
crackling","fire,","course,",dared,"show
its","face,",dearly,purchased,terrors,subsequent,"walk
homewards.",What,shapes,shadows,beset,"path,",amidst,"the
dim",ghastly,snowy,night!,what,wistful,look,"he
eye",trembling,ray,light,streaming,across,waste,fields,"from
some",window!,appalled,shrub,"covered
with","snow,",sheeted,"spectre,",path!,"often
did",shrink,curdling,awe,steps,"the
frosty",crust,feet;,dread,"shoulder,","lest
he",behold,uncouth,tramping,behind,him!,"how
often",thrown,complete,dismay,"howling
among","trees,",nightly,"scourings!

All","these,",phantoms,"mind
that",darkness;,spectres,"time,
and",once,Satan,"shapes,","lonely
perambulations,",yet,daylight,put,evils;,"would
have",despite,Devil,"his
works,",crossed,causes,"more
perplexity",mortal,"ghosts,",race,"of
witches","together,",was--a,"woman.

Among",musical,disciples,"assembled,",evening,each,"week,
to",receive,instructions,"psalmody,",Katrina,"Tassel,
the",daughter,substantial,farmer.,She,"a
blooming",lass,fresh,eighteen;,plump,partridge;,ripe,"melting
and",rosy-cheeked,father’s,"peaches,",universally,"famed,
not","beauty,",vast,expectations.,withal,"a
little","coquette,",perceived,"dress,","was
a",modern,"fashions,",suited,"off
her",charms.,wore,ornaments,pure,yellow,"gold,","her
great-great-grandmother",brought,Saardam;,"tempting
stomacher",olden,provokingly,short,"petticoat,
to",display,prettiest,ankle,"round.

Ichabod",soft,foolish,heart,towards,sex;,"is
not",wondered,tempting,morsel,soon,"his
eyes,",especially,visited,paternal,"mansion.
Old",Baltus,Tassel,picture,"thriving,","contented,
liberal-hearted","seldom,","true,",sent,"or
his",thoughts,beyond,boundaries,farm;,within,"those
everything","snug,",well-conditioned.,"with
his","wealth,",proud,it;,piqued,"hearty
abundance,",style,lived.,stronghold,"was
situated","green,","sheltered,
fertile",fond,nestling.,"A
great",elm,spread,branches,"which
bubbled",spring,softest,sweetest,"well
formed",barrel;,stole,sparkling,"grass,","to
a",neighboring,"brook,",babbled,alders,dwarf,"willows.
Hard",farmhouse,"barn,","a
church;",window,crevice,seemed,bursting,"the
treasures",flail,busily,resounding,"from
morning",night;,swallows,martins,skimmed,twittering,"the
eaves;",rows,"pigeons,",eye,turned,"up,","watching
the","weather,",heads,"their
bosoms,",others,"swelling,","cooing,",bowing,"dames,
were",enjoying,sunshine,roof.,Sleek,unwieldy,porkers,"were
grunting",abundance,"pens,",whence,"sallied
forth,","then,",troops,sucking,"pigs,",snuff,"air.
A",stately,squadron,geese,adjoining,"pond,
convoying",fleets,ducks;,regiments,turkeys,"gobbling
through","farmyard,",Guinea,fowls,fretting,"like
ill-tempered","housewives,","peevish,",discontented,cry.,"Before
the",barn,door,strutted,gallant,"cock,",pattern,"husband,","a
warrior",fine,"gentleman,",clapping,burnished,"crowing
in",pride,gladness,"heart,--sometimes",tearing,"earth
with","feet,",generously,calling,ever-hungry,family,"of
wives",enjoy,"discovered.

The",pedagogue’s,mouth,watered,sumptuous,"promise
of",luxurious,fare.,In,devouring,mind’s,"eye,",pictured,"to
himself",roasting-pig,pudding,"belly,
and",apple,mouth;,pigeons,"a
comfortable","pie,",tucked,coverlet,crust;,"were
swimming",gravy;,ducks,pairing,cosily,"dishes,
like",snug,married,"couples,",decent,competency,onion,sauce.,"In
the",saw,carved,future,sleek,"bacon,","juicy
relishing",ham;,turkey,beheld,daintily,trussed,"with
its",gizzard,"wing,",necklace,"savory
sausages;",chanticleer,lay,sprawling,"back,
in","dish,",uplifted,"claws,",craving,quarter,"which
his",chivalrous,spirit,disdained,ask,"living.

As",enraptured,fancied,rolled,"great
green",fat,meadow,"lands,","wheat,","rye,
of","buckwheat,","corn,",orchards,burdened,"ruddy
fruit,",surrounded,warm,tenement,"Tassel,","heart
yearned",damsel,inherit,"domains,","his
imagination",expanded,"idea,",how,readily,"turned
into","cash,",money,invested,immense,tracts,"land,","and
shingle",palaces,wilderness.,"Nay,",busy,fancy,already,"realized
his","hopes,",presented,blooming,"Katrina,","whole
family","children,",mounted,top,wagon,loaded,"household
trumpery,",pots,kettles,dangling,beneath;,"himself
bestriding",pacing,"mare,",colt,"heels,",setting,"for
Kentucky,","Tennessee,--or",Lord,knows,"where!

When",conquest,complete.,"It
was","farmhouses,",high-ridged,lowly,"sloping
roofs,",built,handed,down,settlers;,"the
low",projecting,eaves,forming,piazza,"front,",capable,"being
closed",bad,weather.,Under,"flails,","harness,","various
utensils","husbandry,",nets,fishing,"neighboring
river.",Benches,sides,use;,"great
spinning-wheel","end,",churn,"other,",showed,"various
uses",important,porch,devoted.,"piazza
the",wondering,"hall,",formed,centre,"the
mansion,",usual,residence.,Here,"resplendent
pewter,",ranged,"dresser,",dazzled,"corner
stood",bag,"wool,",spun;,"another,",quantity,"of
linsey-woolsey",loom;,ears,strings,"of
dried",festoons,"walls,","mingled
with",gaud,red,peppers;,left,ajar,gave,peep,"into
the",best,"parlor,",claw-footed,chairs,dark,mahogany,"tables
shone",mirrors;,"andirons,",accompanying,shovel,"and
tongs,",glistened,covert,asparagus,tops;,mock-oranges,"and
conch-shells",decorated,mantelpiece;,various-colored,"birds
eggs",suspended,above,ostrich,egg,"cupboard,",knowingly,"open,
displayed",treasures,silver,well-mended,"china.

From",moment,regions,"the
peace",study,gain,"the
affections",peerless,Tassel.,"enterprise,
however,",real,difficulties,fell,lot,"of
a",knight-errant,"yore,",seldom,anything,"giants,","enchanters,
fiery","dragons,",easily,conquered,"adversaries,","contend
with",gates,iron,"brass,
and",walls,adamant,castle,"keep,",lady,"was
confined;",achieved,carve,"way
to",Christmas,pie;,hand,"as
a",course.,"Ichabod,",win,labyrinth,"whims
and","caprices,",forever,presenting,new,"and
impediments;",encounter,host,adversaries,"of
real",flesh,"blood,",numerous,"admirers,","every
portal","heart,",keeping,watchful,"other,
but",fly,common,cause,"competitor.

Among","burly,","roaring,",roystering,"blade,
of","Abraham,","abbreviation,","Brom
Van","Brunt,",hero,rang,feats,"of
strength",hardihood.,broad-shouldered,"double-jointed,
with",curly,black,"hair,",bluff,unpleasant,"countenance,
having",mingled,air,fun,arrogance.,Herculean,"frame
and",limb,received,nickname,BROM,"BONES,
by",known.,famed,knowledge,"and
skill","horsemanship,",dexterous,horseback,"Tartar.
He",foremost,races,cock,fights;,"ascendancy
which",bodily,strength,acquires,umpire,"in
all","disputes,",hat,"side,",giving,decisions,"with
an",admitted,gainsay,appeal.,"always
ready",fight,frolic;,mischief,"than
ill-will",composition;,overbearing,"roughness,
there",strong,dash,waggish,humor,bottom.,three,"or
four",boon,"companions,",regarded,"model,","the
head",whom,scoured,attending,feud,"or
merriment",miles,round.,cold,weather,distinguished,"a
fur","cap,",surmounted,flaunting,fox’s,tail;,"a
country",descried,well-known,crest,"distance,","whisking
about",squad,hard,"riders,","squall.
Sometimes",crew,dashing,past,farmhouses,"at
midnight,",whoop,"halloo,",troop,Don,Cossacks;,"the
old","dames,","sleep,",listen,"till
the",hurry-scurry,clattered,"exclaim,","“Ay,","goes
Brom",Bones,gang!”,neighbors,"mixture
of","awe,","admiration,",good-will;,madcap,prank,"rustic
brawl",occurred,"vicinity,",shook,"heads,","warranted
Brom",bottom,"it.

This",rantipole,singled,"Katrina
for",object,"gallantries,","amorous
toyings",something,caresses,endearments,"a
bear,",whispered,she,altogether,discourage,"his
hopes.",advances,signals,rival,candidates,"to
retire,",felt,inclination,cross,amours;,"insomuch,
that",horse,tied,Tassel’s,"paling,","Sunday
night,",sure,sign,"courting,","termed,
“sparking,”","within,",suitors,"despair,","carried
the",war,"quarters.

Such","contend,
and,",considering,"things,",stouter,"shrunk
from","competition,",wiser,despaired.,"had,
however,",pliability,perseverance,"nature;
he",form,"supple-jack--yielding,","tough;
though","bent,",broke;,bowed,"the
slightest","pressure,","yet,",away--jerk!--he,"erect,
and","ever.

To",taken,field,openly,"been
madness;",thwarted,"amours,","more
than",stormy,"lover,",Achilles.,"advances
in",quiet,gently,insinuating,manner.,cover,"character
of","singing-master,",frequent,visits,farmhouse;,"he
had",apprehend,meddlesome,interference,"parents,
which",stumbling-block,lovers.,Balt,"Van
Tassel",indulgent,soul;,loved,better,"even
than","pipe,",reasonable,excellent,"father,","let
her",everything.,notable,"wife,","enough
to",attend,housekeeping,manage,poultry;,"for,","she
sagely","observed,",must,"looked
after,",girls,can,care,themselves.,"dame
bustled",plied,spinning-wheel,"the
piazza,",honest,smoking,pipe,"other,
watching",achievements,wooden,"warrior,","who,",armed,"a
sword","hand,",valiantly,fighting,"pinnacle
of",barn.,mean,carry,suit,"the
daughter","elm,","sauntering
along","twilight,",hour,favorable,lover’s,"eloquence.

I",profess,women’s,hearts,wooed,won.,me,"they
have",matters,riddle,admiration.,seem,"but
one",vulnerable,"point,",access;,"thousand
avenues,",captured,thousand,different,ways.,"a
great",triumph,skill,"former,",greater,proof,"of
generalship",maintain,possession,"latter,","battle
for",fortress,window.,wins,"common
hearts",therefore,entitled,renown;,keeps,"undisputed
sway",coquette,indeed,hero.,"this
was",case,redoubtable,Brom,Bones;,"moment
Ichabod","advances,",interests,former,"evidently
declined:",longer,palings,"Sunday
nights,",deadly,gradually,arose,"preceptor
of","Hollow.

Brom,",degree,chivalry,fain,"have
carried",open,warfare,settled,"pretensions
to","lady,",mode,concise,"simple
reasoners,",knights-errant,"yore,--by",single,combat;,"Ichabod
was",conscious,adversary,enter,"the
lists",him;,overheard,boast,"Bones,","would
“double",shelf,"own
schoolhouse;”",wary,opportunity.,There,"was
something",extremely,provoking,obstinately,pacific,system;,"it
left",alternative,draw,funds,waggery,"in
his","disposition,",play,boorish,practical,jokes,"rival.
Ichabod",whimsical,persecution,"gang
of",riders.,harried,hitherto,domains;,"smoked
out",singing,stopping,chimney;,broke,"the
schoolhouse",spite,fastenings,"withe
and","stakes,",everything,"topsy-turvy,","poor
schoolmaster",began,think,witches,"held
their",meetings,there.,But,"annoying,","all
opportunities",turning,ridicule,presence,"mistress,
and",scoundrel,dog,taught,whine,"ludicrous
manner,",introduced,"Ichabod’s,",instruct,"in
psalmody.

In",went,producing,"any
material",effect,relative,situations,contending,powers.,"On
a",autumnal,pensive,"mood,",enthroned,lofty,stool,usually,watched,concerns,"his
little",literary,realm.,swayed,"ferule,",sceptre,"of
despotic",power;,birch,reposed,nails,"the
throne,",constant,terror,evil,"doers,",desk,"before
him",sundry,contraband,articles,prohibited,"weapons,
detected",persons,idle,"urchins,",half-munched,"apples,
popguns,","whirligigs,","fly-cages,",rampant,"little
paper",gamecocks.,Apparently,act,"justice
recently","inflicted,",intent,"their
books,",slyly,whispering,kept,"the
master;",buzzing,reigned,"the
schoolroom.",suddenly,negro,"in
tow-cloth",jacket,"trowsers,",round-crowned,fragment,"hat,
like",cap,"Mercury,","ragged,","wild,
half-broken","colt,",managed,rope,halter.,"came
clattering",invitation,"attend
a",merry-making,“quilting,"frolic,”","at
Mynheer",Tassel’s;,delivered,message,"of
importance,",effort,"language,","display
on",petty,embassies,"kind,",dashed,"seen
scampering","hollow,",full,"his
mission.

All",bustle,hubbub,late,schoolroom.,"scholars
were",hurried,lessons,trifles;,"those
who",nimble,skipped,"impunity,","were
tardy",application,"rear,",quicken,"their
speed",help,word.,Books,flung,aside,"without
being","shelves,",inkstands,"overturned,",benches,"thrown
down,",loose,"usual
time,",legion,young,"imps,",yelping,"racketing
about","emancipation.

The",spent,least,extra,"toilet,
brushing",furbishing,"best,","rusty
black,",arranging,locks,bit,broken,looking-glass,"that
hung",schoolhouse.,That,"his
mistress",true,"cavalier,",borrowed,"the
farmer","domiciliated,",choleric,Dutchman,Hans,"Ripper,",thus,gallantly,"mounted,",issued,"like
a",quest,adventures.,meet,"should,",romantic,"story,",account,"looks
and",equipments,steed.,animal,bestrode,broken-down,"plow-horse,",outlived,"its
viciousness.",gaunt,"shagged,",ewe,"neck,",hammer;,rusty,mane,tail,tangled,knotted,"burs;
one",lost,"pupil,",glaring,"spectral,","other
had",gleam,genuine,devil,Still,fire,"and
mettle",judge,"Gunpowder.
He","had,",steed,"master’s,","Van
Ripper,",furious,"rider,","infused,","probably,",animal;,"looked,
there",lurking,filly,"country.

Ichabod",suitable,rode,"short
stirrups,",knees,nearly,pommel,"saddle;
his",sharp,elbows,stuck,grasshoppers’;,"whip
perpendicularly","sceptre,",jogged,"on,
the",motion,unlike,flapping,pair,wings.,"A
small",wool,rested,scanty,strip,"of
forehead","called,",skirts,coat,"out
almost",tail.,Such,"his
steed",shambled,gate,"was
altogether",apparition,met,"broad
daylight.

It","said,",day;,sky,clear,"and
serene,",livery,"always
associate",abundance.,forests,"sober
brown","yellow,",tenderer,"nipped
by",frosts,brilliant,dyes,"orange,","purple,","scarlet.
Streaming",files,"the
air;",bark,squirrel,groves,"beech
and","hickory-nuts,",whistle,intervals,stubble,"field.

The",farewell,banquets.,"fullness
of","revelry,","fluttered,",chirping,frolicking,bush,"to
bush,","tree,",capricious,profusion,"variety
around",them.,"robin,",game,"of
stripling","sportsmen,",loud,querulous,note;,"twittering
blackbirds",flying,sable,clouds;,golden-winged,crimson,"crest,","gorget,",splendid,plumage;,"the
cedar","bird,",red-tipt,yellow-tipt,"little
monteiro",feathers;,blue,"jay,",noisy,"coxcomb,","his
gay",white,"underclothes,",screaming,"chattering,
nodding",bobbing,"bowing,",pretending,"with
every",songster,"grove.

As","symptom
of",culinary,"abundance,","jolly
autumn.",On,store,apples;,hanging,"in
oppressive",opulence,gathered,baskets,"barrels
for",market;,heaped,piles,"cider-press.
Farther","ears
peeping",leafy,"coverts,",holding,promise,"cakes
and",hasty-pudding;,pumpkins,lying,"turning
up",fair,bellies,"sun,",ample,prospects,pies;,fragrant,"buckwheat
fields",breathing,odor,"beehive,","soft
anticipations",dainty,"slapjacks,","buttered,
and",garnished,honey,"treacle,",delicate,dimpled,"hand
of","Tassel.

Thus",feeding,sweet,"“sugared
suppositions,”",journeyed,range,hills,"which
look",goodliest,scenes,mighty,"sun
gradually",wheeled,disk,west.,"the
Tappan",Zee,motionless,"glassy,",excepting,"a
gentle",undulation,waved,shadow,"distant
mountain.",few,amber,floated,"sky,",breath,"air
to",move,horizon,"tint,",changing,"gradually
into",deep,"the
mid-heaven.",slanting,lingered,crests,"the
precipices",overhung,"river,","depth
to",gray,purple,rocky,sides.,sloop,"loitering
in",dropping,"tide,","hanging
uselessly",mast;,reflection,"gleamed
along",vessel,"the
air.

It",toward,arrived,"Heer
Van",thronged,flower,"the
adjacent",Old,"farmers,",spare,leathern-faced,"race,","homespun
coats","breeches,","stockings,","shoes,",magnificent,"pewter
buckles.",Their,"brisk,",withered,close-crimped,"caps,
long-waisted","gowns,",homespun,"petticoats,",scissors,"and
pincushions,",calico,pockets,outside.,"Buxom
lasses,",antiquated,"straw
hat,","ribbon,","frock,",symptoms,"city
innovation.","sons,",square-skirted,"coats,","of
stupendous",brass,"buttons,",hair,queued,"fashion
of","times,",could,procure,eel-skin,"the
purpose,",esteemed,potent,"nourisher
and",strengthener,"hair.

Brom","scene,",come,"the
gathering","Daredevil,","creature,","himself,
full",mettle,"mischief,","manage.
He",preferring,vicious,"animals,",given,"all
kinds",tricks,rider,risk,"for
he","tractable,",well-broken,unworthy,lad,"spirit.

Fain",pause,dwell,charms,burst,"upon
the",gaze,"hero,",state,parlor,"Van
Tassel’s",mansion.,Not,buxom,"lasses,","their
luxurious",white;,"genuine
Dutch","tea-table,",autumn.,"up
platters",indescribable,"kinds,","only
to",experienced,housewives!,doughty,"doughnut,","the
tender",oly,"koek,",crisp,crumbling,cruller;,"and
short","cakes,",ginger,"of
cakes.","pies,",peach,pumpkin,"pies;
besides",slices,ham,smoked,beef;,moreover,delectable,"dishes
of",preserved,"plums,","pears,",quinces;,"mention
broiled",shad,roasted,chickens;,together,bowls,milk,"and
cream,","higgledy-piggledy,",much,"enumerated
them,",motherly,teapot,sending,vapor,"the
midst--Heaven",bless,mark!,want,discuss,"this
banquet","deserves,",am,eager,"story.
Happily,","historian,","but
did","dainty.

He",thankful,dilated,"proportion
as",skin,"cheer,",spirits,rose,"with
eating,",men’s,drink.,"help,",rolling,"his
large","ate,",chuckling,possibility,"that
he",day,lord,unimaginable,"luxury
and",splendor.,he’d,"old
schoolhouse;",snap,fingers,face,"every
other",niggardly,"patron,",kick,itinerant,"doors
that",dare,call,"comrade!

Old",moved,guests,"dilated
with",content,"humor,",jolly,harvest,moon.,"His
hospitable",attentions,"brief,","expressive,",confined,"a
shake",slap,"laugh,","pressing
invitation",“fall,"to,","themselves.”

And","summoned
to",dance.,musician,gray-headed,"negro,","had
been",orchestra,"a
century.",instrument,battered,himself.,"greater
part",scraped,"strings,","every
movement",bow,head;,"the
ground,",stamping,whenever,couple,"to
start.

Ichabod",prided,dancing,"vocal
powers.","limb,",fibre,idle;,"his
loosely","motion,",clattering,"you
would",Vitus,"himself,",blessed,patron,"dance,
was",figuring,you,admiration,"the
negroes;","gathered,",ages,"sizes,","farm
and",pyramid,shining,faces,"at
every","window,",gazing,"their
white","eyeballs,",showing,grinning,ivory,ear,ear.,"How
could",flogger,urchins,otherwise,animated,joyous?,"The
lady",partner,"dance,",smiling,"graciously
in",reply,amorous,oglings;,sorely,"smitten
with",love,"jealousy,",brooding,"corner.

When",dance,attracted,knot,"the
sager","folks,",gossiping,drawing,stories,"about
the","war.

This","speaking,","those
highly",favored,abound,chronicle,men.,"The
British",American,line,run,near,war;,"had,
therefore,",marauding,infested,"refugees,
cowboys,",chivalry.,Just,sufficient,"had
elapsed",enable,storyteller,dress,"little
becoming","fiction,",indistinctness,"recollection,","to
make","exploit.

There",Doffue,"Martling,",blue-bearded,"Dutchman,
who",British,frigate,"nine-pounder
from",mud,"breastwork,",gun,sixth,"discharge.
And",gentleman,shall,"nameless,","rich
a",mynheer,lightly,"mentioned,",White,"Plains,
being","defence,",parried,musket-ball,"small
sword,",insomuch,absolutely,whiz,"blade,","and
glance",hilt;,"to
show","sword,",hilt,bent.,several,"more
that","field,","was
persuaded",considerable,bringing,"happy
termination.

But",apparitions,"that
succeeded.","the
kind.",Local,superstitions,thrive,"sheltered,
long-settled",retreats;,trampled,"shifting
throng",forms,population,our,places.,"Besides,
there",encouragement,"villages,",scarcely,finish,nap,themselves,"in
their","graves,",surviving,friends,travelled,night,"their
rounds,",acquaintance,upon.,"the
reason",why,except,"long-established
Dutch","communities.

The",immediate,"cause,",prevalence,supernatural,"stories
in",doubtless,"Hollow.
There",contagion,blew,"haunted
region;",breathed,atmosphere,fancies,"infecting
all",land.,Several,present,"at
Van","Tassel’s,","usual,",doling,"wonderful
legends.",Many,dismal,told,funeral,"trains,","mourning
cries",wailings,"the
unfortunate",Major,André,"taken,","neighborhood.
Some",also,woman,"white,","the
dark",Raven,"Rock,",shriek,"nights
before",perished,snow.,chief,"the
stories,","Horseman,","late,","patrolling
the",country;,tethered,"the
graves","churchyard.

The",sequestered,situation,"a
favorite",haunt,spirits.,stands,"knoll,","by
locust-trees","elms,","decent,","whitewashed
walls",shine,modestly,"forth,",Christian,purity,beaming,"the
shades",retirement.,slope,descends,"sheet
of",bordered,peeps,caught,"at
the",grass-grown,"yard,","where
the",sunbeams,sleep,"quietly,","at
least",dead,peace.,extends,"a
wide","dell,",raves,rocks,"and
trunks",fallen,trees.,Over,"far
from",formerly,bridge;,road,"led
to",bridge,"itself,",thickly,shaded,overhanging,"trees,
which",cast,daytime;,occasioned,"a
fearful",darkness,night.,Headless,"frequently
encountered.","Brouwer,","heretical
disbeliever",returning,"foray
into",obliged,"they
galloped","brake,","swamp,","reached
the","skeleton,",threw,"old
Brouwer",sprang,tree-tops,"clap
of","thunder.

This",immediately,matched,thrice,adventure,"of
Brom",arrant,"jockey.
He",affirmed,village,"of
Sing","Sing,",overtaken,trooper;,"had
offered",bowl,"punch,",won,"it
too,",Daredevil,beat,goblin,"they
came","bridge,","bolted,",vanished,"flash
of","fire.

All",undertone,men,talk,"dark,",countenances,listeners,"receiving
a",casual,sank,"of
Ichabod.",repaid,extracts,"invaluable
author,","Mather,",added,events,"taken
place",sights,walks,"Hollow.

The",revel,up.,"together
their",families,"wagons,","rattling
along",hollow,hills.,"the
damsels",pillions,"their
light-hearted","laughter,",mingling,clatter,"hoofs,",echoed,silent,"woodlands,",sounding,fainter,"fainter,","gradually
died","away,--and",noise,frolic,"and
deserted.","behind,","of
country","lovers,",tête-à-tête,heiress;,fully,"convinced
that",success.,"this
interview",will,pretend,"know.
Something,",fear,"me,",gone,"wrong,","certainly
sallied","interval,","desolate
and",chapfallen.,"Oh,",women!,Could,girl,"been
playing",coquettish,tricks?,Was,"the
poor",sham,secure,"rival?
Heaven","knows,",I!,Let,suffice,"forth
with",sacking,"henroost,","fair
lady’s",heart.,Without,looking,right,notice,"scene
of","gloated,",straight,"stable,",hearty,cuffs,kicks,roused,"steed
most",uncourteously,comfortable,quarters,"soundly
sleeping,",dreaming,mountains,corn,"oats,",valleys,"of
timothy","clover.

It",heavy-hearted,"and
crestfallen,",pursued,travels,"homewards,","the
lofty",rise,"Town,",traversed,"so
cheerily",afternoon.,Far,"below
him",indistinct,"waters,","with
here",mast,"sloop,",anchor,hush,"midnight,","barking
of",watchdog,shore,Hudson;,"was
so",vague,faint,distance,"this
faithful",man.,Now,long-drawn,"crowing
of",accidentally,"awakened,","far,","off,","some
farmhouse",hills--but,"his
ear.",signs,occasionally,"melancholy
chirp","cricket,",guttural,twang,bullfrog,"a
neighboring","marsh,",sleeping,uncomfortably,"bed.

All",goblins,"afternoon
now",crowding,recollection.,darker,"and
darker;",sink,deeper,driving,"clouds
occasionally",hid,sight.,"and
dismal.","moreover,",approaching,"the
scenes",laid.,"road
stood",enormous,"tulip-tree,",towered,giant,"the
other",landmark.,"Its
limbs",gnarled,"fantastic,",trunks,"for
ordinary",twisting,rising,again,connected,tragical,"unfortunate
André,",prisoner,by;,"known
by",André’s,tree.,"a
mixture",respect,sympathy,"the
fate",ill-starred,"namesake,","strange
sights,",doleful,"lamentations,","it.

As",approached,whistle;,"thought
his",answered;,blast,sweeping,sharply,"through
the",dry,branches.,As,"nearer,","saw
something",midst,tree:,paused,"ceased
whistling","but,","narrowly,","place
where",scathed,"lightning,","laid
bare.",Suddenly,groan--his,teeth,"chattered,","knees
smote",saddle:,rubbing,bough,"upon
another,",breeze.,"in
safety,",perils,"him.

About",hundred,yards,"road,
and",ran,marshy,thickly-wooded,"glen,","of
Wiley’s",Swamp.,"logs,","bridge
over",stream.,"the
wood,",group,oaks,"chestnuts,",matted,thick,"grape-vines,
threw",cavernous,"severest
trial.",identical,unfortunate,"was
captured,",chestnuts,"the
sturdy",yeomen,concealed,surprised,"been
considered",feelings,"the
schoolboy",alone,"dark.

As",thump;,summoned,"up,
however,","resolution,",score,"the
ribs,",attempted,briskly,instead,"of
starting","forward,",perverse,lateral,"movement,","and
ran",broadside,fence.,fears,"the
delay,",jerked,reins,kicked,lustily,"the
contrary",foot:,vain;,"started,","but
it",plunge,"of
brambles",alder,bushes.,bestowed,whip,"and
heel",starveling,ribs,"Gunpowder,","forward,
snuffling","snorting,",stand,"a
suddenness","head.
Just",plashy,tramp,"the
sensitive",Ichabod.,"grove,","margin
of","huge,",misshapen,towering.,"It
stirred","not,","gloom,","gigantic
monster","traveller.

The",affrighted,"terror.
What",done?,late;,"besides,
what",chance,escaping,"goblin,","which
could",ride,wind?,Summoning,"a
show","courage,",demanded,stammering,"accents,",“Who,"you?”
",reply.,repeated,demand,"agitated
voice.",answer.,Once,cudgelled,"sides
of",inflexible,shutting,"with
involuntary",fervor,tune.,shadowy,"of
alarm",itself,scramble,bound,"at
once",middle,road.,"dismal,
yet",unknown,ascertained.,"He
appeared",horseman,"dimensions,","black
horse",powerful,frame.,offer,molestation,"sociability,
but",aloof,"road,",jogging,blind,"side
of",fright,"waywardness.

Ichabod,",relish,"companion,","and
bethought","Galloping
Hessian,",quickened,hopes,leaving,behind.,"The
stranger,",equal,pace.,"pulled
up,","walk,",thinking,lag,"behind,--the","the
same.",endeavored,resume,"his
psalm","tune,",parched,tongue,clove,roof,"mouth,","and
he",utter,stave.,moody,"and
dogged",silence,pertinacious,mysterious,"and
appalling.",fearfully,accounted,for.,mounting,"rising
ground,",fellow-traveller,"relief
against",gigantic,"height,",muffled,"cloak,","was
horror-struck",perceiving,headless!--but,horror,"was
still",observing,"have
rested","his
saddle!",desperation;,rained,shower,"and
blows",hoping,sudden,movement,"companion
the",slip;,started,jump,"Away,","they
dashed",thin;,stones,sparks,flashing,bound.,Ichabod’s,flimsy,garments,"as
he",stretched,lank,horse’s,"the
eagerness","flight.

They",reached,turns,Hollow;,"but
Gunpowder,",possessed,"demon,","it,
made","turn,",plunged,headlong,downhill,left.,"This
road",leads,sandy,"quarter
of","mile,",crosses,famous,story;,"just
beyond",swells,knoll,whitewashed,"church.

As",panic,unskilful,"apparent
advantage","chase,","the
hollow,",girths,saddle,slipping,"from
under",seized,"pommel,",hold,"firm,
but",save,clasping,"Gunpowder
round","it
trampled",pursuer.,For,"Van
Ripper’s",wrath,"mind,--for","saddle;
but",fears;,"his
haunches;",(unskilful,was!),ado,"maintain
his",seat;,"and
sometimes",jolted,ridge,"backbone,","a
violence",verily,feared,cleave,"asunder.

An",opening,cheered,"church
bridge",hand.,wavering,star,"the
bosom",mistaken.,"walls
of",dimly,beyond.,recollected,"the
place",Bones’s,ghostly,competitor,disappeared.,“If,"can
but",reach,"bridge,”",“I,safe.”,"heard
the",panting,blowing,"fancied
that",hot,breath.,Another,convulsive,"ribs,","and
old",Gunpowder,thundered,"resounding
planks;",gained,side;,"behind
to",pursuer,"vanish,","rule,",flash,"of
fire",brimstone.,"stirrups,
and",hurling,"to
dodge",horrible,"missile,",late.,encountered,"cranium
with",tremendous,"crash,--he",tumbled,"dust,","and
Gunpowder,","steed,","a
whirlwind.

The",next,morning,"saddle,","with
the",bridle,soberly,cropping,grass,"master’s
gate.",breakfast;,"dinner-hour
came,",boys,assembled,"and
strolled",idly,brook;,schoolmaster.,"Hans
Van",Ripper,feel,uneasiness,fate,"poor
Ichabod,",saddle.,An,inquiry,"foot,","diligent
investigation",traces.,"leading
to",dirt;,tracks,"of
horses’",hoofs,deeply,dented,evidently,"speed,
were",traced,bank,water,"black,",beside,shattered,"pumpkin.

The","searched,","to
be",discovered.,executor,"estate,",examined,"the
bundle",contained,effects.,consisted,"two
shirts",half;,stocks,neck;,"worsted
stockings;",corduroy,small-clothes;,razor;,"book
of",dog’s-ears;,pitch-pipe.,"the
books",furniture,belonged,"community,
excepting",“History,“New,"England
Almanac,”",book,fortune-telling;,last,sheet,foolscap,scribbled,blotted,"fruitless
attempts",verses,honor,heiress,"Tassel.
These",magic,poetic,scrawl,forthwith,consigned,"the
flames",Ripper;,determined,"to
send","knew
any",reading,writing.,Whatever,"the
schoolmaster","possessed,",quarter’s,pay,"a
day","before,",person,"his
disappearance.

The",event,caused,speculation,"the
following",Sunday.,Knots,gazers,gossips,collected,"pumpkin
had",found.,"of
others",mind;,diligently,"them
all,",compared,"case,","shook
their",conclusion,"carried
off",Hessian.,"bachelor,","nobody’s
debt,",nobody,"was
removed",another,"pedagogue
reigned","stead.

It","farmer,",York,"visit
several","after,","adventure
was","received,",home,intelligence,"still
alive;","the
goblin",mortification,"been
suddenly",changed,"a
distant",studied,law,"same
time;",bar;,politician;,"electioneered;
written",newspapers;,finally,Ten,Pound,Court.,shortly,"rival’s
disappearance",conducted,"altar,
was",observed,knowing,"related,",laugh,"the
pumpkin;",led,suspect,knew,"matter
than",chose,"tell.

The",judges,"these
matters,",spirited,"by
supernatural",means;,"the
neighborhood","than
ever",superstitious,awe;,reason,"the
road",altered,"years,",approach,"by
the",millpond.,deserted,"to
decay,",reported,"unfortunate
pedagogue","plowboy,",loitering,homeward,"evening,
has",chanting,melancholy,"psalm
tune",tranquil,solitudes,"Hollow.



POSTSCRIPT.

FOUND",IN,HANDWRITING,MR.,"KNICKERBOCKER.

The",preceding,words,"I
heard",related,Corporation,meeting,city,"of
Manhattoes,",sagest,"most
illustrious",burghers.,narrator,"pleasant,","shabby,","gentlemanly
old","fellow,",pepper-and-salt,"clothes,",sadly,humourous,"face,
and",strongly,suspected,poor--he,"efforts
to",entertaining.,When,"concluded,","much
laughter","approbation,","deputy
aldermen,",asleep,"was,
however,","tall,",dry-looking,beetling,"eyebrows,
who",maintained,grave,severe,"throughout,","then
folding","arms,",inclining,"floor,
as",doubt,mind.,your,"men,
who",grounds--when,"on
their",side.,mirth,company,"subsided,","and
silence","restored,",leaned,arm,elbow,"chair,","and
sticking","akimbo,","demanded,","slight,","exceedingly
sage",contraction,"brow,","the
moral","prove?

The","story-teller,",putting,glass,wine,"lips,",refreshment,"toils,","moment,","his
inquirer",infinite,"deference,",lowering,"glass
slowly","table,",intended,"most
logically","prove--

“That",advantages,"and
pleasures--provided",joke,"it:

“That,",runs,troopers,likely,"to
have","it.

“Ergo,",refused,"Dutch
heiress",certain,step,preferment,"state.”

The",cautious,knit,brows,tenfold,closer,"this
explanation,",puzzled,ratiocination,"the
syllogism,","while,","methought,",eyed,"with
something",triumphant,leer.,At,length,"was
very","well,","the
extravagant--there",points,"doubts.

“Faith,","sir,”",replied,“as,"matter,","don’t
believe",one-half,myself.”,D.,"K.

THE","END.




End","Irving

***",END,"***

*****",file,named,41-0.txt,41-0.zip,"*****
This",associated,formats,"in:
","http://www.gutenberg.org/4/41/

Produced","Newby

Updated",editions,replace,previous,one--the,"editions
will","renamed.

Creating",works,public,domain,print,means,"no
one",owns,United,States,copyright,"works,","Foundation
(and",you!),distribute,"without
permission",paying,royalties.,Special,"rules,
set",General,Terms,Use,"license,",apply,"to
copying",distributing,Gutenberg-tm,electronic,"to
protect",GUTENBERG-tm,concept,trademark.,"Project
Gutenberg",registered,"trademark,",used,"you
charge","eBooks,",unless,specific,permission.,"you
do",charge,copies,"eBook,",complying,"the
rules",easy.,"purpose
such",creation,derivative,"reports,",performances,"and
research.",modified,away--you,"do
practically",ANYTHING,eBooks.,Redistribution,"is
subject",trademark,"commercial
redistribution.



***",START:,FULL,LICENSE,"***

THE","LICENSE
PLEASE",READ,BEFORE,YOU,DISTRIBUTE,OR,USE,"WORK

To",protect,mission,promoting,"free
distribution",using,"work
(or",work,phrase,"“Project
Gutenberg”),",agree,comply,Full,"Project
Gutenberg-tm",(available,"at
http://gutenberg.org/license).


Section",1.,Redistributing,"Gutenberg-tm
electronic","works

1.A.",By,"work,",indicate,"read,","understand,","to
and",accept,license,intellectual,"property
(trademark/copyright)",agreement.,abide,"all
the","agreement,",cease,return,"destroy
all","possession.
If",paid,fee,obtaining,access,"the
terms",obtain,refund,"or
entity",paragraph,"1.E.8.

1.B.",“Project,Gutenberg”,"be
used","who
agree","few
things","works
even","See
paragraph",1.C,below.,things,follow,"agreement
and",preserve,free,"electronic
works.",See,1.E,"below.

1.C.",Literary,Archive,Foundation,(“the,"Foundation”
","PGLAF),",compilation,collection,works.,Nearly,individual,"the
collection",States.,"an
individual","are
located","States,",claim,prevent,"from
copying,","distributing,","performing,",displaying,creating,"derivative
works",based,references,"Gutenberg
are",removed.,hope,support,"by
freely",sharing,compliance,"of
this",agreement,work.,"by
keeping",format,attached,share,"others.

1.D.",laws,located,"govern
what",Copyright,countries,"in
a",change.,outside,"check
the","agreement
before","downloading,","copying,","displaying,","or
creating",makes,representations,"concerning
the",status,"United
States.

1.E.",Unless,removed,"Gutenberg:

1.E.1.","sentence,",active,links,"immediate
access",appear,"prominently
whenever",(any,"the
phrase","appears,","“Project
Gutenberg”",associated),"accessed,","displayed,","performed,","viewed,
copied","distributed:

This","www.gutenberg.org

1.E.2.","derived
from",(does,contain,indicating,"is
posted",permission,"holder),","copied
and",distributed,"fees
or",charges.,redistributing,providing,"work
with",appearing,"the
work,",requirements,paragraphs,"1.E.1
through",1.E.7,"the
Project",1.E.8,"or
1.E.9.

1.E.3.","posted
with","holder,","distribution
must",1.E.1,"additional
terms",imposed,holder.,Additional,"linked
to",posted,"the
permission",holder,beginning,"work.

1.E.4.",Do,unlink,detach,remove,"Gutenberg-tm
License",containing,"this
work","Gutenberg-tm.

1.E.5.","copy,","display,","perform,",redistribute,"this
electronic","without
prominently",sentence,"with
active","License.

1.E.6.",convert,"binary,
compressed,",marked,nonproprietary,proprietary,"form,",including,"any
word",processing,hypertext,form.,"However,",provide,"or
distribute","than
“Plain",Vanilla,ASCII”,official,"version
posted",web,site,"(www.gutenberg.org),
you","must,",additional,"cost,",expense,"user,","a
copy,",exporting,"upon
request,",“Plain,"other
form.",Any,alternate,include,specified,"1.E.1.

1.E.7.","viewing,","displaying,
performing,",copying,"works
unless","1.E.9.

1.E.8.","providing
access","provided
that

-",royalty,20%,profits,derive,"from
",calculated,"method
",calculate,applicable,taxes.,"is
",owed,owner,"he
",agreed,donate,royalties,"the
",Foundation.,Royalty,"payments
",60,date,"you
",prepare,(or,legally,required,prepare),periodic,"tax
",returns.,payments,clearly,"and
",address,Section,"4,",“Information,donations,"to
","Foundation.”

-",user,"notifies
",writing,e-mail),30,receipt,"s/he
",does,"Gutenberg-tm
",License.,require,"or
",destroy,physical,"medium
",discontinue,"of
","works.

-","provide,",accordance,"1.F.3,","any
",replacement,defect,90,"days
","work.

-","free
",distribution,"works.

1.E.9.","set
forth","from
both","Michael
Hart,",Contact,"the
Foundation",3,"below.

1.F.

1.F.1.",volunteers,employees,expend,"considerable
effort","identify,",research,"on,",transcribe,"proofread
public","Gutenberg-tm
collection.",Despite,"efforts,","electronic
works,",medium,"stored,","contain
“Defects,”","as,",limited,"incomplete,",inaccurate,"or
corrupt","data,",transcription,"errors,","intellectual
property","infringement,",defective,damaged,"medium,","a
computer","virus,",computer,codes,damage,cannot,read,"by
your","equipment.

1.F.2.",LIMITED,"WARRANTY,",DISCLAIMER,DAMAGES,-,Except,"“Right
of",Replacement,Refund”,described,"Foundation,",party,disclaim,"all
liability","damages,","expenses,","legal
fees.",AGREE,THAT,HAVE,NO,REMEDIES,FOR,"NEGLIGENCE,","STRICT
LIABILITY,",BREACH,WARRANTY,CONTRACT,EXCEPT,"THOSE
PROVIDED",PARAGRAPH,F3.,"FOUNDATION,","THE
TRADEMARK","OWNER,",AND,ANY,DISTRIBUTOR,UNDER,AGREEMENT,WILL,NOT,"BE
LIABLE",TO,"ACTUAL,","DIRECT,","INDIRECT,","CONSEQUENTIAL,",PUNITIVE,"OR
INCIDENTAL",EVEN,IF,GIVE,NOTICE,POSSIBILITY,"SUCH
DAMAGE.

1.F.3.",RIGHT,REPLACEMENT,REFUND,discover,"a
defect",receiving,"can
receive",(if,any),"a
written",explanation,from.,"you
received","with
your",written,explanation.,entity,provided,elect,lieu,"a
refund.","electronically,","entity
providing",choose,second,opportunity,"to
receive",electronically,refund.,"copy
is","defective,","further
opportunities",fix,"problem.

1.F.4.","forth
in",‘AS-IS’,WITH,"OTHER
WARRANTIES","KIND,",EXPRESS,"IMPLIED,",INCLUDING,BUT,"TO
WARRANTIES",MERCHANTIBILITY,FITNESS,"PURPOSE.

1.F.5.",states,allow,disclaimers,"implied
warranties",exclusion,limitation,types,"damages.
If",disclaimer,violates,"the
law","be
interpreted",maximum,permitted,law.,invalidity,unenforceability,"any
provision",void,remaining,"provisions.

1.F.6.",INDEMNITY,indemnify,"the
trademark","owner,",agent,employee,"anyone
providing","accordance
with","production,
promotion","works,
harmless","liability,",legal,"fees,
that",arise,directly,indirectly,"do
or",occur:,(a),"Gutenberg-tm
work,",(b),"alteration,","modification,",additions,deletions,"any
Project",(c),Defect,"cause.


Section",2.,Information,Mission,"Gutenberg-tm

Project",synonymous,"of
electronic",readable,widest,variety,"computers
including","obsolete,","old,",middle-aged,computers.,"exists
because",efforts,hundreds,"from
people","life.

Volunteers",financial,"the
assistance","need,",critical,reaching,"Gutenberg-tm’s
goals",ensuring,"will
remain",freely,available,generations,come.,"2001,",created,"secure
and",permanent,"generations.
To",learn,"Foundation
and",Sections,"4
and","http://www.pglaf.org.


Section",3.,"Archive
Foundation

The",non,"profit
501(c)(3)",educational,corporation,organized,"the
state",Mississippi,granted,tax,exempt,"Internal
Revenue",Service.,Foundation’s,EIN,federal,"identification
number",64-6221541.,Its,501(c)(3),letter,"at
http://pglaf.org/fundraising.",Contributions,"Gutenberg
Literary",deductible,"extent
permitted",U.S.,state’s,"laws.

The",principal,office,4557,Melan,Dr.,"S.
Fairbanks,","AK,","99712.,","scattered
throughout",locations.,business,"at
809",North,1500,"West,",Salt,Lake,"City,",UT,"84116,",(801),"596-1887,","email
business@pglaf.org.",Email,contact,"contact
information","official
page","http://pglaf.org

For","information:
",Gregory,B.,"Newby
",Chief,Executive,"Director
","gbnewby@pglaf.org


Section",4.,Donations,"Foundation

Project",depends,survive,"wide
spread","of
increasing",number,licensed,"be
freely",machine,accessible,"widest
array",equipment,outdated,equipment.,"donations
($1","$5,000)",maintaining,"exempt
status","IRS.

The",committed,"regulating
charities",charitable,50,"United
States.",Compliance,takes,"a
considerable","effort,",paperwork,fees,"up
with",requirements.,We,solicit,"locations
where",confirmation,compliance.,"To
SEND",DONATIONS,determine,"any
particular",visit,"http://pglaf.org

While",contributions,"we
have",solicitation,"requirements,","prohibition
against",accepting,unsolicited,donors,"who
approach",us,offers,"donate.

International",gratefully,"accepted,","make
any",statements,treatment,"from
outside","staff.

Please",check,Web,pages,current,"donation
methods",addresses.,accepted,"other
ways","checks,",credit,card,"donations.
To","donate,",please,visit:,"http://pglaf.org/donate


Section",5.,About,"electronic
works.

Professor",Michael,S.,Hart,originator,"Gutenberg-tm
concept",library,"shared
with",anyone.,produced,eBooks,network,volunteer,"support.


Project","printed
editions,",confirmed,Public,Domain,"U.S.
unless",included.,"necessarily
keep",particular,paper,"edition.


Most",start,main,PG,search,"facility:

","http://www.gutenberg.org

This",includes,information,"Gutenberg-tm,
including","Literary
Archive",produce,"to
subscribe",email,newsletter
0,59,2,38,3,629,15,7,87,4,1,5,59,78,850,8,3,2,84,27,2,485,2,2,2,259,12,22,8,10,8,67,11,2,13,19,13,6,2,66,95,4,1,1,1,2,1,1,1,1,1,1,1,1,1,1,1,1,10,1,1,1,16,5,4,3,2,7,3,4,2,1,2,2,2,2,2,1,1,1,1,1,1,1,1,8,1,2,4,8,1,2,3,111,1,11,1,1,3,3,1,262,3,1,1,1,6,357,3,1,1,1,2,42,10,2,1,65,1,1,2,5,1,1,1,3,10,1,2,1,15,25,1,1,2,1,1,2,1,1,20,1,7,2,1,3,1,1,33,5,1,54,18,4,1,9,2,1,4,168,1,14,33,1,1,1,10,1,3,3,59,1,2,37,1,273,1,30,1,85,1,1,79,1,20,15,48,1,1,3,1,1,11,2,1,3,1,4,8,1,1,6,1,10,7,1,1,2,13,1,8,1,10,1,7,1,2,1,1,1,2,1,2,8,13,1,6,1,31,2,1,1,1,10,2,5,3,1,1,1,3,1,2,1,1,74,1,17,1,56,1,2,1,3,1,6,1,1,1,2,1,2,1,2,1,13,9,2,1,1,1,3,22,1,2,3,1,3,3,3,1,1,12,1,1,1,2,1,2,1,1,38,1,2,1,1,2,7,8,27,4,1,1,4,1,2,1,3,1,2,1,1,2,3,1,25,1,1,10,1,4,1,1,1,1,1,1,3,2,4,1,1,36,23,4,1,1,1,3,1,3,207,1,19,2,1,1,3,4,4,5,9,1,2,2,3,1,1,1,1,6,1,1,11,3,1,1,5,1,2,4,1,1,1,1,1,6,2,1,4,2,1,6,2,4,1,153,2,3,7,1,1,1,2,1,1,3,1,1,1,34,19,11,1,19,1,8,8,6,1,1,1,9,3,1,2,1,50,1,4,4,1,4,1,11,1,13,2,1,5,5,1,5,5,1,1,1,3,1,1,2,8,1,1,15,3,3,17,5,1,9,2,2,1,3,2,1,2,9,13,1,1,17,1,1,2,36,1,1,1,2,1,3,1,1,3,1,6,2,3,1,12,1,5,2,1,135,1,21,3,2,2,1,3,4,3,1,1,1,1,2,2,1,1,8,6,9,1,1,1,4,1,2,3,1,1,1,1,3,1,1,10,1,2,1,2,1,5,1,1,14,5,1,1,1,1,1,1,3,2,3,1,1,1,1,1,10,2,1,1,3,3,1,1,1,1,1,9,1,1,1,1,12,1,1,2,1,1,1,2,1,3,1,4,1,1,4,1,3,1,1,1,1,1,1,2,1,1,2,1,1,1,1,3,3,6,1,1,1,1,1,2,1,1,1,1,3,2,2,1,2,1,2,25,1,1,5,1,1,1,2,3,1,30,2,1,1,1,6,2,1,1,1,2,1,1,1,1,6,1,2,1,2,2,1,2,2,1,1,1,2,16,1,1,17,3,1,2,1,6,1,1,1,1,6,1,7,3,1,2,1,1,2,18,4,1,1,1,1,1,11,2,1,5,26,1,2,1,2,1,3,1,1,1,4,1,1,1,1,3,1,1,1,3,1,1,4,1,1,1,1,6,1,1,1,1,1,1,1,1,1,1,1,1,1,1,8,1,1,5,1,3,1,23,1,1,1,5,1,1,1,17,1,1,1,5,2,2,1,7,3,2,2,4,2,1,4,1,1,4,3,3,1,1,1,1,1,1,1,1,1,1,2,19,1,1,3,1,2,1,1,3,2,6,1,1,1,1,1,3,1,1,1,1,1,2,4,1,1,1,1,1,2,1,1,1,1,8,2,2,1,2,2,1,4,1,1,2,1,5,1,1,1,1,1,1,5,1,1,1,1,8,1,1,1,39,2,1,1,1,1,1,1,1,1,1,2,1,1,4,1,1,1,1,1,5,1,1,4,1,1,1,1,1,1,1,1,1,2,1,7,3,1,1,1,1,1,1,1,1,1,2,2,1,1,2,2,1,1,1,1,2,1,1,1,1,1,1,1,1,1,1,1,1,7,5,2,1,1,1,1,3,1,1,2,13,1,1,1,1,1,4,2,1,1,1,1,8,1,1,1,3,1,3,1,1,1,1,3,1,1,10,4,1,1,1,1,1,1,1,1,1,1,1,2,2,4,1,1,1,1,3,4,2,3,1,6,1,1,1,1,1,2,3,2,3,1,2,5,1,1,1,1,2,1,1,1,1,5,1,2,2,1,1,1,1,3,1,1,1,1,17,2,1,1,2,1,2,1,1,3,1,1,1,1,1,1,2,1,1,1,1,1,1,1,3,1,1,1,11,2,7,1,5,10,1,2,1,1,1,1,1,3,2,1,1,1,1,1,1,1,4,3,1,1,2,1,2,1,1,2,4,1,5,10,2,1,2,2,7,1,1,1,2,1,1,3,5,2,11,1,1,1,1,1,5,1,1,1,1,1,4,1,1,1,1,1,3,1,1,3,3,1,1,3,1,4,2,1,1,2,1,1,1,1,1,1,2,3,3,1,1,1,1,1,1,1,1,1,1,1,1,1,2,1,1,3,1,6,7,1,1,1,1,1,1,2,2,1,3,3,1,1,2,4,3,1,1,1,3,1,3,1,1,1,1,1,3,1,3,1,1,1,2,4,2,1,1,1,9,2,9,1,2,2,1,6,2,1,1,1,3,1,1,2,2,3,1,1,11,2,2,1,2,2,1,2,2,1,1,1,1,2,1,1,3,1,1,1,1,1,1,1,6,1,1,2,1,1,1,1,1,1,2,2,1,1,1,1,1,1,1,1,11,1,1,1,1,1,1,1,1,5,1,1,1,1,1,5,1,1,1,1,1,1,1,1,4,1,5,1,1,1,1,3,2,5,1,5,1,1,2,1,1,1,1,1,1,1,1,1,3,2,1,1,6,2,3,1,2,1,1,1,2,1,1,1,1,5,5,2,1,1,1,1,3,1,1,4,1,3,5,3,1,1,1,1,1,1,1,1,1,1,1,1,1,1,1,1,2,1,5,2,15,1,2,2,1,1,2,1,1,1,1,1,2,1,1,1,1,1,2,1,1,2,1,1,5,1,1,1,1,2,1,4,1,5,1,1,2,3,1,3,2,3,1,1,1,1,1,1,1,1,1,1,1,1,1,1,1,1,1,1,2,1,1,2,1,6,1,1,2,1,1,1,3,3,1,2,1,1,1,1,1,1,1,1,1,3,1,6,1,1,1,1,1,2,1,1,1,2,2,1,1,1,1,1,1,1,5,5,1,2,1,1,3,1,3,1,2,3,1,1,2,1,1,1,1,1,1,1,3,3,1,1,3,1,2,1,2,2,1,3,1,1,1,1,1,2,1,2,2,1,1,4,1,1,1,1,4,1,2,1,1,1,1,2,9,1,1,1,1,1,2,4,1,3,1,1,1,2,2,1,1,1,1,3,3,1,2,2,1,2,7,1,1,1,2,2,1,2,1,1,3,1,1,1,2,1,1,1,1,1,2,1,1,3,1,1,1,1,3,1,1,1,3,5,1,1,1,1,1,1,1,2,1,5,2,1,1,2,1,1,1,1,1,1,1,1,4,1,4,6,5,1,1,1,1,3,1,1,2,1,1,1,1,1,1,2,1,1,1,2,1,3,1,1,1,1,1,1,1,3,1,1,1,1,1,1,1,1,1,1,1,1,1,1,1,1,1,1,6,1,2,2,1,1,1,6,2,1,1,1,2,1,1,1,1,2,1,1,1,2,1,1,1,1,1,1,2,1,2,1,12,1,1,2,1,1,1,1,1,3,1,1,1,1,1,1,1,1,1,3,1,1,1,1,1,1,1,1,1,1,1,3,1,4,1,1,1,1,1,6,1,1,1,1,1,1,1,1,4,2,1,1,1,1,1,2,1,1,4,1,1,1,2,2,1,1,1,1,1,1,1,1,3,1,1,1,2,1,1,3,1,1,1,1,1,1,1,10,1,1,1,5,1,2,1,1,1,1,1,1,2,1,2,1,1,1,3,1,1,1,4,2,1,1,1,1,1,1,1,1,1,1,1,1,2,1,1,1,1,1,2,1,1,1,1,1,1,2,1,6,1,1,1,1,2,1,1,1,1,1,1,2,1,1,1,1,1,1,1,1,4,1,1,3,1,1,1,1,2,1,1,1,1,2,2,4,1,1,1,1,1,2,1,1,1,1,1,1,2,1,1,1,1,2,1,1,1,1,1,2,1,5,1,5,1,2,3,1,1,1,4,1,1,1,1,2,1,1,1,2,1,1,1,1,1,1,1,1,2,3,1,1,1,1,1,3,3,1,1,5,1,1,1,2,1,1,1,1,1,2,4,2,1,2,1,3,3,1,1,1,3,1,1,1,1,2,1,1,1,2,1,2,1,1,1,1,1,1,4,2,1,7,1,1,1,1,1,1,6,1,1,1,1,1,1,1,2,1,1,1,3,1,1,2,3,2,1,1,1,1,1,1,1,1,1,5,1,1,1,1,1,1,1,7,1,1,1,1,2,7,1,1,1,1,1,7,1,1,1,1,1,1,1,1,1,1,1,1,2,2,1,1,1,1,1,1,1,1,4,4,3,1,1,2,1,1,1,1,1,1,1,1,1,1,1,2,1,1,1,4,1,1,1,2,1,1,8,1,1,2,1,1,1,1,1,1,1,1,1,1,1,1,1,1,1,1,3,1,1,3,1,1,1,1,1,1,1,1,1,1,1,1,1,2,1,1,1,1,1,1,1,1,4,1,1,1,1,1,1,1,1,1,2,1,1,2,1,1,1,1,1,1,4,1,1,3,1,1,1,1,1,1,1,1,1,1,4,1,1,5,1,1,1,1,10,2,1,1,1,1,1,1,1,1,1,1,1,2,1,1,1,2,1,1,1,1,1,1,1,1,1,4,1,1,1,1,1,1,1,1,1,1,1,3,1,1,1,1,1,1,1,1,1,1,2,1,1,1,1,1,1,1,1,1,2,1,1,1,1,1,1,2,1,1,1,1,1,1,2,2,2,1,1,1,1,1,1,1,1,1,1,2,1,1,13,1,1,10,1,1,1,1,1,2,2,2,1,1,1,2,1,6,1,1,3,1,1,1,1,1,2,2,1,1,1,1,4,1,1,1,1,1,1,1,1,1,2,3,1,1,2,1,1,1,1,1,1,2,3,1,1,2,1,1,3,2,1,2,1,1,1,1,1,1,1,1,1,1,1,1,1,2,1,1,1,1,7,1,1,1,1,2,1,1,1,1,1,2,1,1,1,2,1,1,1,2,1,1,1,1,1,1,1,1,1,1,1,2,1,1,1,1,5,1,1,6,1,1,1,2,1,8,1,1,1,1,1,1,1,1,1,1,1,2,1,1,1,1,1,1,1,1,1,1,1,1,1,1,1,2,1,3,1,1,1,1,1,2,1,1,6,2,1,1,1,1,2,1,1,3,1,1,1,1,1,1,1,1,1,1,1,1,3,1,1,1,1,1,1,1,1,2,2,1,1,2,1,1,1,1,1,1,1,2,1,1,1,1,1,1,1,1,3,3,1,1,1,1,1,1,1,1,1,1,1,1,1,1,1,1,1,1,1,1,2,1,1,1,1,1,1,4,1,1,1,1,3,2,1,1,1,1,1,1,2,1,1,1,1,1,1,1,1,1,1,1,1,1,1,1,1,1,1,1,1,1,2,1,1,2,1,3,14,1,1,1,3,1,1,1,1,1,1,1,1,1,1,1,1,1,1,4,1,1,1,1,1,1,1,1,1,1,2,1,1,2,1,1,1,1,1,1,1,1,1,1,1,1,1,1,3,1,1,1,1,1,2,1,1,1,1,2,1,7,4,1,1,1,1,2,1,1,2,1,1,2,2,1,1,2,2,1,2,1,1,1,1,1,1,3,1,2,1,2,1,1,1,1,1,2,1,1,2,1,2,2,1,1,1,1,1,6,1,1,2,2,1,1,1,1,1,1,1,1,1,1,1,4,2,1,1,1,1,1,1,1,2,1,3,1,1,3,1,1,1,1,1,1,1,1,1,2,1,1,3,1,1,1,1,1,3,1,2,1,2,1,1,1,1,1,1,1,1,1,1,1,1,1,1,1,1,3,1,1,1,1,1,1,2,1,1,1,1,1,1,1,1,1,1,2,1,3,1,1,1,2,1,1,1,1,2,1,1,1,2,1,1,1,1,1,1,1,1,1,1,1,1,1,1,6,1,1,1,1,3,1,1,1,1,1,1,1,1,1,1,1,1,1,4,1,1,3,1,1,3,1,1,1,2,1,1,1,1,1,1,1,1,1,1,1,1,1,1,1,3,1,1,1,1,1,1,1,1,1,1,1,1,2,1,1,1,1,1,1,2,1,1,1,3,1,1,1,1,1,1,2,1,1,2,1,1,2,1,1,1,2,1,2,1,1,3,2,1,1,1,1,1,1,4,1,1,2,1,1,1,1,1,1,1,1,1,1,1,1,1,1,1,2,1,1,1,1,1,1,1,1,1,2,1,1,1,1,1,1,1,1,1,1,1,1,1,1,1,1,1,1,1,1,1,1,1,1,1,1,1,1,2,1,1,1,1,1,1,1,2,1,1,2,6,1,1,1,1,1,1,1,1,2,2,1,1,2,1,1,1,1,1,1,1,4,1,1,4,1,1,1,1,1,1,1,1,1,2,3,1,1,1,5,1,1,1,2,1,1,1,1,1,1,1,1,1,1,1,1,1,1,1,1,1,1,1,1,1,1,2,1,1,2,1,1,1,1,1,1,1,1,1,1,1,1,1,1,1,1,1,1,1,1,1,1,1,6,1,1,1,2,1,1,1,1,1,1,1,1,3,1,1,1,1,1,1,1,1,1,1,1,3,1,1,1,2,2,1,1,1,1,1,2,1,1,1,1,1,1,1,1,3,1,1,1,2,2,1,1,2,1,1,1,1,1,1,1,1,1,1,1,1,1,1,1,1,1,1,1,5,1,1,1,1,1,1,1,1,1,1,1,2,1,1,1,1,1,1,1,1,2,1,1,1,1,1,1,1,1,1,2,1,1,1,1,1,1,1,1,46,1,1,1,1,1,1,1,1,1,2,1,1,1,1,1,1,1,2,1,1,1,1,1,1,1,1,1,1,1,1,1,1,1,2,1,1,1,1,1,1,1,1,1,1,1,1,4,1,1,1,1,1,1,1,1,1,1,1,1,2,1,1,1,1,1,1,4,1,1,1,1,1,1,1,1,1,1,1,1,1,1,1,1,1,1,1,1,1,1,1,2,3,1,1,1,1,1,1,1,1,1,1,1,1,1,1,1,1,1,1,1,1,1,5,1,1,1,1,1,1,1,1,1,1,1,1,1,1,2,1,1,1,7,1,1,2,1,1,1,1,1,1,1,1,1,1,5,1,1,1,1,2,1,1,1,2,1,1,1,1,1,1,1,1,1,1,1,1,1,2,1,3,1,1,1,1,1,2,2,6,1,1,1,1,2,2,2,1,1,3,1,2,1,1,1,1,1,1,1,1,1,2,1,1,2,1,1,1,1,2,1,1,1,2,1,1,1,1,1,1,1,2,1,1,1,1,1,1,1,1,1,1,2,1,1,1,1,1,1,1,1,2,1,1,1,1,1,1,1,1,1,1,1,1,4,6,1,5,1,1,2,1,1,2,1,1,1,1,1,1,1,2,1,2,1,1,1,1,1,1,1,1,1,2,1,1,1,1,1,1,2,1,1,1,1,1,1,1,1,1,1,1,1,1,1,1,1,6,1,4,1,1,1,1,1,1,1,1,1,1,1,1,1,1,1,1,1,1,1,1,1,1,2,1,1,1,1,1,1,1,2,1,1,1,1,1,1,1,1,1,2,1,1,1,1,1,1,1,1,1,1,1,1,1,2,1,1,1,1,6,1,1,2,1,1,1,1,1,1,1,1,2,1,1,1,1,1,1,1,1,1,1,1,1,1,1,1,1,1,1,1,1,3,3,3,1,1,1,1,2,1,3,1,1,1,1,2,1,2,1,1,1,1,1,1,1,1,1,1,1,1,1,1,1,1,1,1,1,1,1,1,1,1,1,1,1,1,1,1,1,1,1,1,1,1,1,1,1,1,1,1,1,1,1,1,1,1,1,1,1,1,1,1,1,1,1,1,1,1,1,1,1,1,1,2,1,1,1,1,1,1,1,1,1,1,1,1,1,1,1,1,1,1,1,1,1,1,1,2,1,1,1,1,1,1,1,1,1,1,1,1,1,1,1,1,1,1,1,3,1,1,1,1,1,1,1,1,1,3,1,1,1,1,2,1,1,1,1,1,1,1,1,1,1,1,1,1,1,1,1,1,1,1,1,1,1,1,2,1,1,1,1,1,1,1,1,1,2,1,1,1,2,1,1,1,1,1,1,1,1,1,1,1,1,1,1,2,1,1,1,1,1,1,1,1,1,2,1,2,1,1,1,1,1,1,1,1,1,1,1,1,1,1,2,1,1,1,1,1,1,1,1,1,1,1,4,1,1,1,1,1,1,1,1,2,1,1,1,1,1,1,1,1,1,1,1,1,1,1,1,1,1,1,1,1,1,1,1,1,1,1,1,1,1,1,1,2,1,1,1,1,1,1,1,1,1,1,1,1,1,1,3,1,1,1,1,1,1,1,1,1,1,1,1,1,1,1,1,2,1,1,1,1,1,1,1,1,1,2,2,1,1,1,1,1,1,1,1,1,1,1,3,1,1,1,1,1,1,1,1,1,1,1,1,1,1,1,2,1,1,1,1,1,1,1,1,1,1,1,1,1,1,1,1,1,2,1,1,1,1,1,1,1,1,1,1,1,1,1,1,1,1,1,1,1,1,1,1,1,1,1,1,2,1,1,1,1,1,1,2,1,1,1,1,2,1,1,1,1,1,1,1,1,1,1,1,1,1,1,1,1,1,1,1,1,1,3,2,1,1,1,2,1,1,1,1,1,1,2,1,1,1,1,1,1,1,1,1,1,1,1,1,1,1,1,1,1,1,1,1,1,1,1,1,1,1,1,1,1,1,1,1,1,2,1,1,1,1,1,1,1,1,1,1,1,1,1,1,1,1,1,1,1,1,1,1,1,1,1,1,1,1,1,1,1,1,1,1,1,1,1,1,1,1,1,1,1,1,1,1,1,1,3,1,1,1,1,1,1,1,1,1,1,1,1,1,1,2,1,1,1,1,1,1,1,1,1,1,1,1,1,1,1,1,1,1,1,1,1,1,1,1,1,1,1,1,1,1,1,1,1,1,1,1,1,1,1,1,1,1,1,1,1,1,1,1,1,1,1,1,1,1,1,1,1,1,1,1,1,1,1,1,1,1,1,1,1,1,1,1,1,1,1,1,2,1,1,1,1,1,2,1,1,5,1,1,1,1,1,1,1,1,1,1,1,1,1,1,1,1,1,1,1,1,1,1,1,1,1,1,1,1,1,1,1,1,1,1,1,1,1,1,1,1,1,1,1,1,2,1,1,1,1,1,1,1,1,1,1,1,1,1,3,1,1,2,1,1,1,1,1,1,1,1,1,1,1,1,1,1,1,1,2,1,1,2,1,2,1,1,1,2,1,1,1,1,1,1,1,1,1,1,1,2,1,1,1,1,1,1,1,1,1,1,1,1,1,1,1,1,1,1,1,2,1,1,1,1,1,1,1,1,1,2,1,1,1,1,1,1,1,1,1,1,1,1,1,1,1,1,1,1,1,1,8,1,1,1,1,1,1,1,1,1,1,1,1,1,1,1,1,1,1,1,1,1,1,2,1,1,1,1,1,1,1,1,1,1,1,1,1,1,1,1,1,1,1,1,1,1,1,1,1,1,1,3,1,1,1,1,1,1,1,1,1,1,1,1,1,1,1,1,1,1,1,1,1,1,1,1,1,1,1,1,1,1,1,1,1,1,1,1,1,1,2,1,1,1,1,7,2,1,1,1,2,1,1,1,1,1,18,7,7,1,3,1,2,8,4,12,3,1,1,4,1,2,1,1,1,3,2,2,2,1,1,6,32,19,1,1,1,3,3,2,3,2,1,2,1,1,1,1,5,7,1,3,1,1,1,1,2,1,1,1,1,1,1,1,2,1,1,2,1,1,2,1,1,1,1,1,6,1,5,1,1,1,3,2,1,4,1,29,3,1,6,6,1,11,1,1,1,1,3,1,1,5,1,1,1,1,1,1,1,1,3,1,1,6,1,3,1,1,6,8,2,8,1,3,6,1,9,1,3,3,1,1,1,1,1,1,1,1,1,1,1,3,1,1,1,1,10,11,9,1,1,1,1,2,1,1,3,1,2,1,1,2,1,1,1,1,2,2,2,1,2,2,1,1,1,3,1,1,3,1,6,3,1,4,1,1,1,7,3,1,1,1,1,1,2,1,1,1,1,1,1,1,1,1,3,1,1,1,1,1,1,3,1,1,1,1,1,1,1,1,1,1,1,1,1,1,1,1,1,1,1,4,1,1,3,1,1,1,1,1,1,1,2,3,1,2,1,2,1,1,1,1,2,1,1,1,1,1,2,1,1,1,1,3,1,1,1,2,1,1,1,3,1,1,1,1,1,1,1,1,1,1,2,1,1,1,5,1,1,1,1,1,6,1,1,2,2,2,1,3,4,1,1,2,1,1,1,1,1,1,1,1,1,1,1,2,1,1,1,1,1,1,1,1,1,1,1,1,1,1,1,1,3,1,1,1,3,1,1,1,1,3,1,2,1,1,2,1,1,2,1,1,1,1,1,1,2,1,1,1,2,1,1,10,1,1,2,1,3,1,1,2,1,1,1,1,1,1,1,2,1,1,1,1,1,1,3,1,3,1,2,1,1,1,4,1,1,1,1,1,1,2,1,5,2,1,1,1,1,1,1,1,1,1,1,1,2,1,1,1,2,1,1,1,1,1,1,1,1,2,1,2,1,1,1,1,1,4,1,1,1,3,1,1,2,3,2,1,1,1,1,4,1,1,1,1,2,1,2,2,1,2,1,3,1,1,2,1,1,1,1,1,1,1,1,1,1,3,1,1,1,1,2,1,1,1,1,1,1,1,1,1,1,1,1,1,1,1,1,1,1,1,1,1,1,1,1,1,1,1,1,2,1,1,2,1,2,1,1,1,1,2,1,1,1,1,1,1,1,1,1,1,1,1,1,1,1,1,1,1,1,1,1,1,4,1,1,1,1,3,1,1,2,1,1,1,1,1,1,1,1,1,1,1,1,1,1,1,1,1,1,1,1,1,1,1,1,1,1,1,1,1,1,1,1,1,1,1,1,1,1,1,1,1,1,4,1,1,1,1,2,1,1,1,1,1,1,1,1,2,1,1,1,1,1,1,1,1,1,1,1,2,1,1,1,1,2,1,1,1,1,1,1,1,1,1,1,1,1,1,1,1,1,1,1,5,1,1,1,3,1,2,1,1,2,1,1,1,1,2,1,1,2,1,1,1,2,1,1,2,1,1,1,1,1,1,1,1,1,1,1,1,1,1,1,1,1,1,1,2,1,1,1,1,1,1,1,1,1,1,1,1,2,1,1,1,1,1,2,1,1,1,1,1,1,1,1,1,1,1,1,1,1,1,1,1,1,1,1,1,1,1,1,1,1,1,2,1,1,1,1,1,1,1,1,1,1,1,1,1,1,1,1,1,1,1,1,1,1,1,1,1,1,1,1,1,3,1,1,1,1,1,1,1,1,1,1,1,1,1,1,1,1,1,1,1,1,1,1,1,1,1,1,3,1,1,1,1,1,1,1,1,1,1,1,1,1,1,1,1,1,1,1,1,1,1,1,1,1,1,1
